{
  "model_name": "adaboost",
  "metric_rank": "accuracy",
  "train_time_seconds": 260.9998605251312,
  "train_samples": 396299,
  "val_samples": 12384,
  "test_samples": 86691,
  "val_metrics": {
    "accuracy": 0.6742571059431525,
    "precision": 0.6592021355479757,
    "recall": 0.7191392978482446,
    "f1": 0.687867533271433,
    "log_loss": 0.6137028812877591,
    "brier": 0.2120863149805416,
    "roc_auc": 0.7432294934920797,
    "pr_auc": 0.7380148041349
  },
  "test_metrics": {
    "accuracy": 0.6732417436642789,
    "precision": 0.6575472494093824,
    "recall": 0.7205131168380908,
    "f1": 0.6875916755814852,
    "log_loss": 0.6141203377505559,
    "brier": 0.21229494613500557,
    "roc_auc": 0.7410921091256625,
    "pr_auc": 0.7345864930370816
  },
  "features": [
    "surface",
    "round",
    "tourney_level",
    "best_of",
    "draw_size",
    "year",
    "playerA_rank",
    "playerB_rank",
    "elo_a",
    "elo_b",
    "rank_diff",
    "log_playerA_rank",
    "log_playerB_rank",
    "log_rank_diff",
    "round_code",
    "elo_diff"
  ]
}