{
  "model_name": "logistic_regression",
  "metric_rank": "accuracy",
  "train_time_seconds": 1.893789529800415,
  "train_samples": 396299,
  "val_samples": 12384,
  "test_samples": 86691,
  "val_metrics": {
    "accuracy": 0.6773255813953488,
    "precision": 0.6761812610869214,
    "recall": 0.6783691959229898,
    "f1": 0.6772734614763366,
    "log_loss": 0.5940733817677566,
    "brier": 0.2044360218546194,
    "roc_auc": 0.7454583757023175,
    "pr_auc": 0.7387698406814047
  },
  "test_metrics": {
    "accuracy": 0.6746490408462239,
    "precision": 0.6729444189251264,
    "recall": 0.6772217727955623,
    "f1": 0.6750763204884511,
    "log_loss": 0.5963860901324418,
    "brier": 0.20539322862829704,
    "roc_auc": 0.7427104009089421,
    "pr_auc": 0.735275387323178
  },
  "features": [
    "surface",
    "round",
    "tourney_level",
    "best_of",
    "draw_size",
    "year",
    "playerA_rank",
    "playerB_rank",
    "elo_a",
    "elo_b",
    "rank_diff",
    "log_playerA_rank",
    "log_playerB_rank",
    "log_rank_diff",
    "round_code",
    "elo_diff"
  ]
}