{
  "model_size": "500k",
  "params": 513665,
  "device": "cuda",
  "val_loss": 8.770945841283723,
  "test_metrics": {
    "rmse": 3.014011089545025,
    "mae": 1.7201708555221558,
    "loss": 9.08426351657992
  },
  "epochs_ran": 15
}