{
  "model_size": "10m",
  "params": 6367233,
  "device": "cuda",
  "val_loss": 8.749965782468625,
  "test_metrics": {
    "rmse": 3.0175465208700984,
    "mae": 1.7135711908340454,
    "loss": 9.10558718096096
  },
  "epochs_ran": 19
}