{
  "model_size": "50k",
  "params": 66817,
  "device": "cuda",
  "val_loss": 8.761682982341927,
  "test_metrics": {
    "rmse": 3.0146718470705927,
    "mae": 1.722162127494812,
    "loss": 9.088246477725129
  },
  "epochs_ran": 26
}