{
  "model_size": "5m",
  "params": 3003649,
  "device": "cuda",
  "val_loss": 8.739708037706563,
  "test_metrics": {
    "rmse": 3.0213675892507683,
    "mae": 1.7005326747894287,
    "loss": 9.128662638427379
  },
  "epochs_ran": 30
}