{
  "model_name": "knn",
  "cv_folds": 5,
  "timestamp": "2026-01-19T12:13:37.296280",
  "metrics": {
    "accuracy": {
      "test_mean": 0.6279397012958721,
      "test_std": 0.0013718213446393607,
      "test_min": 0.6257077971233914,
      "test_max": 0.6295294426388356,
      "test_scores": [
        0.629078980570275,
        0.6281806712086803,
        0.6257077971233914,
        0.6272016149381782,
        0.6295294426388356
      ],
      "train_mean": 0.9893211997679996,
      "train_std": 4.314153159244928e-05
    },
    "precision": {
      "test_mean": 0.6277414285557252,
      "test_std": 0.001747119165171869,
      "test_min": 0.6249772548068175,
      "test_max": 0.6299936523537482,
      "test_scores": [
        0.6299936523537482,
        0.627564854911166,
        0.6249772548068175,
        0.6270178074681719,
        0.6291535732387228
      ],
      "train_mean": 0.9972779901748507,
      "train_std": 0.0003942678156415741
    },
    "recall": {
      "test_mean": 0.6253514040636488,
      "test_std": 0.0019529994489362885,
      "test_min": 0.622234356671925,
      "test_max": 0.627626655880271,
      "test_scores": [
        0.622234356671925,
        0.6272094810500344,
        0.6251668486834122,
        0.6245196780326012,
        0.627626655880271
      ],
      "train_mean": 0.9812815249625932,
      "train_std": 0.00047629290575243005
    },
    "f1": {
      "test_mean": 0.6265409112551248,
      "test_std": 0.0011910694813052525,
      "test_min": 0.625072037368437,
      "test_max": 0.6283891870001013,
      "test_scores": [
        0.6260899646937924,
        0.6273871176565787,
        0.625072037368437,
        0.6257662495567151,
        0.6283891870001013
      ],
      "train_mean": 0.9892149008314621,
      "train_std": 4.824389798794654e-05
    },
    "roc_auc": {
      "test_mean": 0.6723658346706343,
      "test_std": 0.000898398217608555,
      "test_min": 0.6709183398756727,
      "test_max": 0.6737205385727254,
      "test_scores": [
        0.6737205385727254,
        0.6721359613682389,
        0.6709183398756727,
        0.6725380091993142,
        0.6725163243372203
      ],
      "train_mean": 0.9997708107538198,
      "train_std": 1.8330179998211227e-06
    }
  },
  "timing": {
    "total_seconds": 2576.981991,
    "fit_time_mean": 1.259931755065918,
    "fit_time_std": 0.04343306287358386,
    "score_time_mean": 504.6767493247986,
    "score_time_std": 8.472584157442762
  },
  "memory": {
    "ram_start_mb": 596.07421875,
    "ram_end_mb": 596.07421875,
    "ram_used_mb": 0.0,
    "ram_peak_mb": 596.07421875
  }
}