{
  "cross_validation": {
    "model_name": "naive_bayes",
    "cv_folds": 5,
    "timestamp": "2026-01-20T04:53:41.845073",
    "metrics": {
      "accuracy": {
        "test_mean": 0.6624449384494973,
        "test_std": 0.0012394540833995473,
        "test_min": 0.6610446631339894,
        "test_max": 0.664102952308857,
        "test_scores": [
          0.6637194044915468,
          0.6619732525864245,
          0.664102952308857,
          0.6610446631339894,
          0.661384419726669
        ],
        "train_mean": 0.6623959873730428,
        "train_std": 0.0003891490936445654,
        "train_min": 0.6617781018877161,
        "train_max": 0.6630002523340903
      },
      "precision": {
        "test_mean": 0.6579308262127415,
        "test_std": 0.0030673044234166267,
        "test_min": 0.6542000077312613,
        "test_max": 0.6627023928929646,
        "test_scores": [
          0.6577284906804357,
          0.6542000077312613,
          0.6597434934687667,
          0.6552797462902784,
          0.6627023928929646
        ],
        "train_mean": 0.6578081559063192,
        "train_std": 0.0034146656841157184,
        "train_min": 0.6546718087008632,
        "train_max": 0.6640093966243649
      },
      "recall": {
        "test_mean": 0.6743099735789505,
        "test_std": 0.010273464164224123,
        "test_min": 0.6547679239559107,
        "test_max": 0.6845245318124823,
        "test_scores": [
          0.6801156817538324,
          0.6845245318124823,
          0.6751810055413987,
          0.6769607248311289,
          0.6547679239559107
        ],
        "train_mean": 0.6745406254339547,
        "train_std": 0.009732152321917199,
        "train_min": 0.6573989807062249,
        "train_max": 0.6849223644094791
      },
      "f1": {
        "test_mean": 0.6659563323750196,
        "test_std": 0.003784088136766727,
        "test_min": 0.6587112657429449,
        "test_max": 0.6690188172043011,
        "test_scores": [
          0.6687347750434999,
          0.6690188172043011,
          0.6673729872362543,
          0.6659438166480981,
          0.6587112657429449
        ],
        "train_mean": 0.6660051639611784,
        "train_std": 0.0030646407140482693,
        "train_min": 0.6606876541861133,
        "train_max": 0.6694555293361831
      },
      "roc_auc": {
        "test_mean": 0.7214232049419971,
        "test_std": 0.0008694730878720011,
        "test_min": 0.7198859174601491,
        "test_max": 0.7224473033177626,
        "test_scores": [
          0.7224473033177626,
          0.7198859174601491,
          0.7215213861735768,
          0.7212618378683302,
          0.7219995798901669
        ],
        "train_mean": 0.7216014051235684,
        "train_std": 0.0002737405470616624,
        "train_min": 0.7211541261731484,
        "train_max": 0.7218330033445833
      }
    },
    "timing": {
      "total_training_seconds": 5.242227077484131,
      "fit_time_per_fold_mean": 2.0674735069274903,
      "fit_time_per_fold_std": 0.09575983000012891,
      "fit_time_per_fold_min": 1.9576034545898438,
      "fit_time_per_fold_max": 2.215991258621216,
      "score_time_per_fold_mean": 0.4466367244720459,
      "score_time_per_fold_std": 0.02657408668702627,
      "fit_times_all_folds": [
        2.132157325744629,
        1.9826560020446777,
        1.9576034545898438,
        2.215991258621216,
        2.048959493637085
      ],
      "score_times_all_folds": [
        0.48763346672058105,
        0.46001601219177246,
        0.4491760730743408,
        0.413433313369751,
        0.4229247570037842
      ]
    },
    "memory": {
      "ram_start_mb": 1810.52734375,
      "ram_end_mb": 1810.52734375,
      "ram_peak_mb": 1810.52734375,
      "ram_used_mb": 0.0
    }
  },
  "hyperparameter_tuning": {
    "best_params": {
      "clf__var_smoothing": 1e-09
    },
    "best_f1_score": 0.6664038569106642,
    "best_index": 1,
    "n_combinations_tested": 5,
    "cv_folds": 3,
    "total_fits": 15,
    "tuning_time_seconds": 8.207408428192139,
    "tuning_memory": {
      "ram_start_mb": 1810.52734375,
      "ram_peak_mb": 1920.34375,
      "ram_used_mb": 109.81640625
    },
    "all_combinations": [
      {
        "rank": 1,
        "params": {
          "clf__var_smoothing": 1e-09
        },
        "params_str": "{'clf__var_smoothing': 1e-09}",
        "metrics": {
          "accuracy": {
            "test_mean": 0.6621300268196889,
            "test_std": 0.0004402063890272783,
            "train_mean": 0.6623117068930716,
            "train_std": 0.0008746504818373273
          },
          "precision": {
            "test_mean": 0.6569575795625607,
            "test_std": 0.004299677822031275,
            "train_mean": 0.6571648898132105,
            "train_std": 0.004718204970384198
          },
          "recall": {
            "test_mean": 0.6763486119894804,
            "test_std": 0.012863103814770368,
            "train_mean": 0.6764679834750703,
            "train_std": 0.012593272420907896
          },
          "f1": {
            "test_mean": 0.6664038569106642,
            "test_std": 0.0039691928283794925,
            "train_mean": 0.6665666380099428,
            "train_std": 0.0036555786737640025
          },
          "roc_auc": {
            "test_mean": 0.7212161737134458,
            "test_std": 0.0007561428767056959,
            "train_mean": 0.7214372375555471,
            "train_std": 0.00032625123545566577
          }
        },
        "timing": {
          "mean_fit_time": 1.939622163772583,
          "std_fit_time": 0.10995030294077761,
          "mean_score_time": 0.7951389153798422,
          "std_score_time": 0.020551047101755114
        }
      },
      {
        "rank": 1,
        "params": {
          "clf__var_smoothing": 1e-08
        },
        "params_str": "{'clf__var_smoothing': 1e-08}",
        "metrics": {
          "accuracy": {
            "test_mean": 0.6621300268196889,
            "test_std": 0.0004402063890272783,
            "train_mean": 0.662310697553654,
            "train_std": 0.000875939324045552
          },
          "precision": {
            "test_mean": 0.6569575795625607,
            "test_std": 0.004299677822031275,
            "train_mean": 0.6571648659001258,
            "train_std": 0.004719562339104953
          },
          "recall": {
            "test_mean": 0.6763486119894804,
            "test_std": 0.012863103814770368,
            "train_mean": 0.6764639386462323,
            "train_std": 0.01259144489953676
          },
          "f1": {
            "test_mean": 0.6664038569106642,
            "test_std": 0.0039691928283794925,
            "train_mean": 0.6665646662430937,
            "train_std": 0.0036540473334233897
          },
          "roc_auc": {
            "test_mean": 0.7212161743002635,
            "test_std": 0.0007561442177228951,
            "train_mean": 0.7214372380445561,
            "train_std": 0.0003262511334644118
          }
        },
        "timing": {
          "mean_fit_time": 1.736389398574829,
          "std_fit_time": 0.0341550897112492,
          "mean_score_time": 0.8159265518188477,
          "std_score_time": 0.05349049998819873
        }
      },
      {
        "rank": 3,
        "params": {
          "clf__var_smoothing": 1e-07
        },
        "params_str": "{'clf__var_smoothing': 1e-07}",
        "metrics": {
          "accuracy": {
            "test_mean": 0.662136082837857,
            "test_std": 0.0004335559614994476,
            "train_mean": 0.6623117068930716,
            "train_std": 0.0008746504818373273
          },
          "precision": {
            "test_mean": 0.6569696998644557,
            "test_std": 0.0042854622545424265,
            "train_mean": 0.657171309830456,
            "train_std": 0.004711855477143552
          },
          "recall": {
            "test_mean": 0.6763324327232101,
            "test_std": 0.012848832426175188,
            "train_mean": 0.6764457368612439,