{
  "run_name": "large_residual_hd768_L8_do0.3_l20.0005_bs64_amp1",
  "preset": "large",
  "arch": "residual",
  "hidden_dim": 768,
  "num_layers": 8,
  "dropout": 0.3,
  "l2": 0.0005,
  "batch_size": 64,
  "norm": "layernorm",
  "activation": "gelu",
  "params": 21066753,
  "device": "cuda",
  "amp": true,
  "grad_accum": 6,
  "estimated_model_plus_optimizer_memory_mb": 200.90821266174316,
  "peak_vram_allocated_mb": 418.07958984375,
  "training_time_seconds": 7089.645779071987,
  "val_loss": 0.6041282163480504,
  "test_metrics": {
    "accuracy": 0.6615027617086643,
    "precision": 0.6606611516201811,
    "recall": 0.6615696931993058,
    "f1_score": 0.6611151102676527,
    "roc_auc": 0.7248770538229199,
    "pr_auc": 0.7155362231463098,
    "log_loss": 0.6107933586666734,
    "brier_score": 0.211615189909935,
    "mcc": 0.3230052607821452,
    "cohen_kappa": 0.32300495646850447,
    "true_positives": 20205,
    "true_negatives": 20275,
    "false_positives": 10378,
    "false_negatives": 10336,
    "specificity": 0.6614360747724529,
    "sensitivity": 0.6615696931993058,
    "balanced_accuracy": 0.6615028839858794,
    "positive_predictive_value": 0.6606611516201811,
    "negative_predictive_value": 0.6623436019731469,
    "n_samples": 61194,
    "n_positive": 30541,
    "n_negative": 30653,
    "positive_rate": 0.4990848898887634,
    "pred_positive_rate": 0.4997712194005948,
    "prob_mean": 0.4994759261608124,
    "prob_std": 0.2021978795528412,
    "prob_min": 0.031138962134718895,
    "prob_max": 0.9519488215446472,
    "threshold_used": 0.5
  },
  "calibration": {
    "expected_calibration_error": 0.007970836038636738,
    "maximum_calibration_error": 0.019099414348602295,
    "n_bins": 10,
    "bins": [
      {
        "bin_lower": 0.0,
        "bin_upper": 0.1,
        "bin_center": 0.05,
        "count": 857,
        "accuracy": 0.07934655994176865,
        "confidence": 0.07685641944408417,
        "error": 0.0024901404976844788
      },
      {
        "bin_lower": 0.1,
        "bin_upper": 0.2,
        "bin_center": 0.15000000000000002,
        "count": 3856,
        "accuracy": 0.1667531132698059,
        "confidence": 0.15764304995536804,
        "error": 0.009110063314437866
      },
      {
        "bin_lower": 0.2,
        "bin_upper": 0.30000000000000004,
        "bin_center": 0.25,
        "count": 6576,
        "accuracy": 0.262773722410202,
        "confidence": 0.2527744770050049,
        "error": 0.009999245405197144
      },
      {
        "bin_lower": 0.30000000000000004,
        "bin_upper": 0.4,
        "bin_center": 0.35000000000000003,
        "count": 9043,
        "accuracy": 0.3489992320537567,
        "confidence": 0.35211828351020813,
        "error": 0.003119051456451416
      },
      {
        "bin_lower": 0.4,
        "bin_upper": 0.5,
        "bin_center": 0.45,
        "count": 10279,
        "accuracy": 0.46123164892196655,
        "confidence": 0.4501914083957672,
        "error": 0.01104024052619934
      },
      {
        "bin_lower": 0.5,
        "bin_upper": 0.6000000000000001,
        "bin_center": 0.55,
        "count": 10570,
        "accuracy": 0.5456953644752502,
        "confidence": 0.5496768355369568,
        "error": 0.003981471061706543
      },
      {
        "bin_lower": 0.6000000000000001,
        "bin_upper": 0.7000000000000001,
        "bin_center": 0.6500000000000001,
        "count": 8724,
        "accuracy": 0.6359468102455139,
        "confidence": 0.647572934627533,
        "error": 0.011626124382019043
      },
      {
        "bin_lower": 0.7000000000000001,
        "bin_upper": 0.8,
        "bin_center": 0.75,
        "count": 6304,
        "accuracy": 0.7492068409919739,
        "confidence": 0.74692702293396,
        "error": 0.002279818058013916
      },
      {
        "bin_lower": 0.8,
        "bin_upper": 0.9,
        "bin_center": 0.8500000000000001,
        "count": 4405,
        "accuracy": 0.8247445821762085,
        "confidence": 0.8438439965248108,
        "error": 0.019099414348602295
      },
      {
        "bin_lower": 0.9,
        "bin_upper": 1.0,
        "bin_center": 0.95,
        "count": 580,
        "accuracy": 0.9189655184745789,
        "confidence": 0.9171615839004517,
        "error": 0.0018039345741271973
      }
    ]
  },
  "optimal_thresholds": {
    "youden_j": {
      "threshold": 0.4923054873943329,
      "sensitivity": 0.675223470089388,
      "specificity": 0.6486477669396145,
      "j_score": 0.3238712370290024
    },
    "f1_optimal": {
      "threshold": 0.3553204834461212,
      "precision": 0.588390326009922,
      "recall": 0.8698798336662191,
      "f1_score": 0.7019671568044602
    },
    "balanced_accuracy_optimal": {
      "threshold": 0.49,
      "balanced_accuracy": 0.6615677491147518
    }
  },
  "history": {
    "train_loss": [
      0.6254993032782534,
      0.6146106052633722,
      0.613817291568109,
      0.6135577496649904,
      0.6122885027690379,
      0.6125120788987954,
      0.6121338937333166,
      0.6122974950484091,
      0.6122855162926136,
      0.6122488131773506,
      0.611754800071749,
      0.6111206548447136,
      0.6111575541640902,
      0.6110978718597428,
      0.6110569326672456,
      0.6110676566074424,
      0.6110086424765323,
      0.6106997767931138,
      0.6106417136080243,
      0.6106955636727566,
      0.6105399973020754,
      0.6105709756595064,
      0.6104312155445123,
      0.610369094924132,
      0.6104043529458624
    ],
    "val_loss": [
      0.6067423880450251,
      0.6076679316372836,
      0.6085649188592306,
      0.6089588200974172,
      0.6060971905517331,
      0.6068725596482972,
      0.605232173996696,
      0.6051175578011625,
      0.605214714676694,
      0.6055913616315838,
      0.6063269487754945,
      0.6049121322770382,
      0.6046488875974773,
      0.604543106684848,
      0.6047391822252104,
      0.6054972565475012,
      0.6052887911955843,
      0.6047349051408106,
      0.6041282163480504,
      0.6050622723635843,
      0.6045553789416612,
      0.6046897375791831,
      0.6047393020117736,
      0.6046290419734989,
      0.6043408016977417
    ],
    "val_accuracy": [
      0.6749790284450545,
      0.6730725234500115,
      0.6686494318615115,
      0.670708457256158,
      0.675131548844658,
      0.6718523602531838,
      0.6749027682452527,
      0.6749790284450545,
      0.6753603294440631,
      0.6743689468466407,
      0.672386181651796,
      0.6743689468466407,
      0.6743689468466407,
      0.6766567528406925,
      0.6748265080454511,
      0.6710134980553649,
      0.6724624418515976,
      0.6743689468466407,
      0.6760466712422787,
      0.6750552886448562,
      0.6758941508426752,
      0.6749790284450545,
      0.6745214672462442,
      0.674597727446046,
      0.67566537024327
    ],
    "val_roc_auc": [
      0.7320701284204798,
      0.7315973518463585,
      0.7320199510853564,
      0.7313441389150567,
      0.7328161586186284,
      0.7328243354073608,
      0.732259404214282,
      0.7329411715991352,
      0.733039281432646,
      0.7324670457967166,
      0.7329410901801862,
      0.7334394090417278,
      0.7334023285261104,
      0.7333903017842196,
      0.7333921395262106,
      0.7334073997635036,
      0.7333155591890635,
      0.7332273010483783,
      0.7336179607968225,
      0.7333523954478339,
      0.7334563790769492,
      0.7336082835731734,
      0.733472267403277,
      0.7333712846439955,
      0.7334771874340507
    ]
  },
  "epochs_ran": 25
}