{
  "run_name": "tiny_plain_hd768_L8_do0.2_l20.0001_bs512_amp1",
  "preset": "tiny",
  "arch": "plain",
  "hidden_dim": 768,
  "num_layers": 8,
  "dropout": 0.2,
  "l2": 0.0001,
  "batch_size": 512,
  "norm": "layernorm",
  "activation": "gelu",
  "params": 207361,
  "device": "cuda",
  "amp": true,
  "grad_accum": 1,
  "estimated_model_plus_optimizer_memory_mb": 1.977548599243164,
  "peak_vram_allocated_mb": 22.99609375,
  "training_time_seconds": 125.21346808200178,
  "val_loss": 0.6041785325818937,
  "test_metrics": {
    "accuracy": 0.6612903225806451,
    "precision": 0.6590805939181742,
    "recall": 0.6656625519793065,
    "f1_score": 0.6623552217896297,
    "roc_auc": 0.7248225777964503,
    "pr_auc": 0.7154760245618658,
    "log_loss": 0.6107553591712415,
    "brier_score": 0.2116124927997589,
    "mcc": 0.3226067630674797,
    "cohen_kappa": 0.3225907349207645,
    "true_positives": 20330,
    "true_negatives": 20137,
    "false_positives": 10516,
    "false_negatives": 10211,
    "specificity": 0.6569340684435455,
    "sensitivity": 0.6656625519793065,
    "balanced_accuracy": 0.661298310211426,
    "positive_predictive_value": 0.6590805939181742,
    "negative_predictive_value": 0.6635363121128246,
    "n_samples": 61194,
    "n_positive": 30541,
    "n_negative": 30653,
    "positive_rate": 0.4990848898887634,
    "pred_positive_rate": 0.5040690263751348,
    "prob_mean": 0.5027498602867126,
    "prob_std": 0.19767028093338013,
    "prob_min": 0.018148675560951233,
    "prob_max": 0.9763799905776978,
    "threshold_used": 0.5
  },
  "calibration": {
    "expected_calibration_error": 0.007179903506236237,
    "maximum_calibration_error": 0.016519762575626373,
    "n_bins": 10,
    "bins": [
      {
        "bin_lower": 0.0,
        "bin_upper": 0.1,
        "bin_center": 0.05,
        "count": 441,
        "accuracy": 0.0634920671582222,
        "confidence": 0.08001182973384857,
        "error": 0.016519762575626373
      },
      {
        "bin_lower": 0.1,
        "bin_upper": 0.2,
        "bin_center": 0.15000000000000002,
        "count": 3568,
        "accuracy": 0.15302690863609314,
        "confidence": 0.15762217342853546,
        "error": 0.004595264792442322
      },
      {
        "bin_lower": 0.2,
        "bin_upper": 0.30000000000000004,
        "bin_center": 0.25,
        "count": 6781,
        "accuracy": 0.2542397975921631,
        "confidence": 0.2532956898212433,
        "error": 0.0009441077709197998
      },
      {
        "bin_lower": 0.30000000000000004,
        "bin_upper": 0.4,
        "bin_center": 0.35000000000000003,
        "count": 9227,
        "accuracy": 0.3431234359741211,
        "confidence": 0.3516862988471985,
        "error": 0.008562862873077393
      },
      {
        "bin_lower": 0.4,
        "bin_upper": 0.5,
        "bin_center": 0.45,
        "count": 10331,
        "accuracy": 0.4594908654689789,
        "confidence": 0.44990837574005127,
        "error": 0.009582489728927612
      },
      {
        "bin_lower": 0.5,
        "bin_upper": 0.6000000000000001,
        "bin_center": 0.55,
        "count": 10621,
        "accuracy": 0.5441107153892517,
        "confidence": 0.5500668883323669,
        "error": 0.005956172943115234
      },
      {
        "bin_lower": 0.6000000000000001,
        "bin_upper": 0.7000000000000001,
        "bin_center": 0.6500000000000001,
        "count": 8838,
        "accuracy": 0.6352115869522095,
        "confidence": 0.6479412317276001,
        "error": 0.012729644775390625
      },
      {
        "bin_lower": 0.7000000000000001,
        "bin_upper": 0.8,
        "bin_center": 0.75,
        "count": 6820,
        "accuracy": 0.7467741966247559,
        "confidence": 0.748479425907135,
        "error": 0.0017052292823791504
      },
      {
        "bin_lower": 0.8,
        "bin_upper": 0.9,
        "bin_center": 0.8500000000000001,
        "count": 4076,
        "accuracy": 0.8319430947303772,
        "confidence": 0.8421826958656311,
        "error": 0.010239601135253906
      },
      {
        "bin_lower": 0.9,
        "bin_upper": 1.0,
        "bin_center": 0.95,
        "count": 491,
        "accuracy": 0.9226069450378418,
        "confidence": 0.918235719203949,
        "error": 0.004371225833892822
      }
    ]
  },
  "optimal_thresholds": {
    "youden_j": {
      "threshold": 0.47957631945610046,
      "sensitivity": 0.7012213090599522,
      "specificity": 0.6224186865885883,
      "j_score": 0.32363999564854057
    },
    "f1_optimal": {
      "threshold": 0.3535103499889374,
      "precision": 0.5857374250317384,
      "recall": 0.8761992076225402,
      "f1_score": 0.7021134243771892
    },
    "balanced_accuracy_optimal": {
      "threshold": 0.48000000000000004,
      "balanced_accuracy": 0.6617043808726635
    }
  },
  "history": {
    "train_loss": [
      0.6145317990263134,
      0.6124700669701939,
      0.6120638869317765,
      0.6117892560042665,
      0.6115816890835677,
      0.6115461686320002,
      0.6114218185260281,
      0.6114258389120973,
      0.6109089941369502,
      0.6110034687202661,
      0.6109791745144205
    ],
    "val_loss": [
      0.6059442570741685,
      0.6057636578186857,
      0.6049337338221243,
      0.6053539383723227,
      0.6041785325818937,
      0.6050872972143748,
      0.6055601952614686,
      0.6051884021419396,
      0.6050446123477933,
      0.6050316544125648,
      0.6046061651990151
    ],
    "val_accuracy": [
      0.6748265080454511,
      0.6739113856478304,
      0.675131548844658,
      0.6729962632502097,
      0.6739113856478304,
      0.6755128498436666,
      0.6750552886448562,
      0.6755128498436666,
      0.6761229314420804,
      0.6747502478456494,
      0.6754365896438649
    ],
    "val_roc_auc": [
      0.7318556476463317,
      0.732523445865797,
      0.7333947798264129,
      0.7329406947167199,
      0.733344311709329,
      0.7330155303621031,
      0.7329791128293559,
      0.7330291156953029,
      0.7330143672342607,
      0.7330564259370437,
      0.7332086910028991
    ]
  },
  "epochs_ran": 11
}