{
  "run_name": "small_residual_hd768_L8_do0.2_l20.0001_bs512_amp1",
  "preset": "small",
  "arch": "residual",
  "hidden_dim": 768,
  "num_layers": 8,
  "dropout": 0.2,
  "l2": 0.0001,
  "batch_size": 512,
  "norm": "layernorm",
  "activation": "gelu",
  "params": 1335297,
  "device": "cuda",
  "amp": true,
  "grad_accum": 1,
  "estimated_model_plus_optimizer_memory_mb": 12.734384536743164,
  "peak_vram_allocated_mb": 45.20654296875,
  "training_time_seconds": 228.57775122699968,
  "val_loss": 0.6042943388930467,
  "test_metrics": {
    "accuracy": 0.6611432493381704,
    "precision": 0.6608590084325885,
    "recall": 0.6594741495039456,
    "f1_score": 0.6601658526992035,
    "roc_auc": 0.7247465715676333,
    "pr_auc": 0.7152716573114316,
    "log_loss": 0.6110325581541016,
    "brier_score": 0.2117188572883606,
    "mcc": 0.32228233896567654,
    "cohen_kappa": 0.322281633922886,
    "true_positives": 20141,
    "true_negatives": 20317,
    "false_positives": 10336,
    "false_negatives": 10400,
    "specificity": 0.6628062506116856,
    "sensitivity": 0.6594741495039456,
    "balanced_accuracy": 0.6611402000578156,
    "positive_predictive_value": 0.6608590084325885,
    "negative_predictive_value": 0.6614252693947976,
    "n_samples": 61194,
    "n_positive": 30541,
    "n_negative": 30653,
    "positive_rate": 0.4990848898887634,
    "pred_positive_rate": 0.49803902343366996,
    "prob_mean": 0.4998011887073517,
    "prob_std": 0.18766812980175018,
    "prob_min": 0.009485820308327675,
    "prob_max": 0.9712246060371399,
    "threshold_used": 0.5
  },
  "calibration": {
    "expected_calibration_error": 0.00902205342902648,
    "maximum_calibration_error": 0.025305837392807007,
    "n_bins": 10,
    "bins": [
      {
        "bin_lower": 0.0,
        "bin_upper": 0.1,
        "bin_center": 0.05,
        "count": 593,
        "accuracy": 0.07082630693912506,
        "confidence": 0.07723326236009598,
        "error": 0.006406955420970917
      },
      {
        "bin_lower": 0.1,
        "bin_upper": 0.2,
        "bin_center": 0.15000000000000002,
        "count": 3254,
        "accuracy": 0.1558082401752472,
        "confidence": 0.15782804787158966,
        "error": 0.0020198076963424683
      },
      {
        "bin_lower": 0.2,
        "bin_upper": 0.30000000000000004,
        "bin_center": 0.25,
        "count": 5818,
        "accuracy": 0.24286696314811707,
        "confidence": 0.25320035219192505,
        "error": 0.010333389043807983
      },
      {
        "bin_lower": 0.30000000000000004,
        "bin_upper": 0.4,
        "bin_center": 0.35000000000000003,
        "count": 8989,
        "accuracy": 0.32918012142181396,
        "confidence": 0.35448595881462097,
        "error": 0.025305837392807007
      },
      {
        "bin_lower": 0.4,
        "bin_upper": 0.5,
        "bin_center": 0.45,
        "count": 12063,
        "accuracy": 0.45419877767562866,
        "confidence": 0.4500851631164551,
        "error": 0.004113614559173584
      },
      {
        "bin_lower": 0.5,
        "bin_upper": 0.6000000000000001,
        "bin_center": 0.55,
        "count": 11781,
        "accuracy": 0.5505474805831909,
        "confidence": 0.5491198301315308,
        "error": 0.0014276504516601562
      },
      {
        "bin_lower": 0.6000000000000001,
        "bin_upper": 0.7000000000000001,
        "bin_center": 0.6500000000000001,
        "count": 8598,
        "accuracy": 0.6555013060569763,
        "confidence": 0.6467145085334778,
        "error": 0.008786797523498535
      },
      {
        "bin_lower": 0.7000000000000001,
        "bin_upper": 0.8,
        "bin_center": 0.75,
        "count": 6463,
        "accuracy": 0.7624942064285278,
        "confidence": 0.7490934729576111,
        "error": 0.013400733470916748
      },
      {
        "bin_lower": 0.8,
        "bin_upper": 0.9,
        "bin_center": 0.8500000000000001,
        "count": 3401,
        "accuracy": 0.8441634774208069,
        "confidence": 0.8383378386497498,
        "error": 0.005825638771057129
      },
      {
        "bin_lower": 0.9,
        "bin_upper": 1.0,
        "bin_center": 0.95,
        "count": 234,
        "accuracy": 0.94017094373703,
        "confidence": 0.915737509727478,
        "error": 0.024433434009552002
      }
    ]
  },
  "optimal_thresholds": {
    "youden_j": {
      "threshold": 0.48701176047325134,
      "sensitivity": 0.6863233031007498,
      "specificity": 0.6385019410824389,
      "j_score": 0.32482524418318875
    },
    "f1_optimal": {
      "threshold": 0.39125072956085205,
      "precision": 0.5971239547918772,
      "recall": 0.8511181690186962,
      "f1_score": 0.7018481767985636
    },
    "balanced_accuracy_optimal": {
      "threshold": 0.49,
      "balanced_accuracy": 0.661944112668553
    }
  },
  "history": {
    "train_loss": [
      0.6158161375367112,
      0.6128476434152736,
      0.6126112815230578,
      0.6121352642570953,
      0.6121139006020749,
      0.6117935505442116,
      0.6113864420102209,
      0.611375434039489,
      0.6111942188360865,
      0.6112247043088405,
      0.6112459314983042,
      0.6112319162593733,
      0.6111470431118208,
      0.6108510730353582,
      0.6107692790202659,
      0.6108403964884606
    ],
    "val_loss": [
      0.6063358830949275,
      0.6055089691806547,
      0.6050108956916104,
      0.6058656491659093,
      0.605477749710451,
      0.6060807809062074,
      0.6044992872391032,
      0.6047504655667394,
      0.6048842707715208,
      0.6042943388930467,
      0.6044809295721497,
      0.604458271702576,
      0.604531157664937,
      0.6046040203999866,
      0.6043644064643477,
      0.605135425344572
    ],
    "val_accuracy": [
      0.6732250438496149,
      0.6753603294440631,
      0.6727674826508045,
      0.672386181651796,
      0.6744452070464425,
      0.6728437428506062,
      0.6758178906428735,
      0.6757416304430718,
      0.6744452070464425,
      0.6757416304430718,
      0.6759704110424769,
      0.6758941508426752,
      0.6752840692442614,
      0.6741401662472356,
      0.6742926866468391,
      0.6763517120414856
    ],
    "val_roc_auc": [
      0.7323201660127718,
      0.7331734482292729,
      0.733275733691738,
      0.7326350479822803,
      0.7325334138714069,
      0.7326927623858226,
      0.733308336165162,
      0.733596873289039,
      0.7331587928184579,
      0.7334120871687085,
      0.7333581529306542,
      0.7332999500134177,
      0.733389220075326,
      0.7332900750580355,
      0.7333753788540008,
      0.7334864808255119
    ]
  },
  "epochs_ran": 16
}