{
  "run_name": "large_residual_hd768_L8_do0.2_l20.0001_bs96_amp1",
  "preset": "large",
  "arch": "residual",
  "hidden_dim": 768,
  "num_layers": 8,
  "dropout": 0.2,
  "l2": 0.0001,
  "batch_size": 96,
  "norm": "layernorm",
  "activation": "gelu",
  "params": 21066753,
  "device": "cuda",
  "amp": true,
  "grad_accum": 4,
  "estimated_model_plus_optimizer_memory_mb": 200.90821266174316,
  "peak_vram_allocated_mb": 418.0830078125,
  "training_time_seconds": 5062.071286917984,
  "val_loss": 0.6042510535072828,
  "test_metrics": {
    "accuracy": 0.6615191031800504,
    "precision": 0.6615172232448068,
    "recall": 0.6589830064503455,
    "f1_score": 0.6602476830968589,
    "roc_auc": 0.7249298020709464,
    "pr_auc": 0.7154824516355314,
    "log_loss": 0.6108232928008569,
    "brier_score": 0.21161620318889618,
    "mcc": 0.32303356255940063,
    "cohen_kappa": 0.32303120076407843,
    "true_positives": 20126,
    "true_negatives": 20355,
    "false_positives": 10298,
    "false_negatives": 10415,
    "specificity": 0.6640459335138486,
    "sensitivity": 0.6589830064503455,
    "balanced_accuracy": 0.661514469982097,
    "positive_predictive_value": 0.6615172232448068,
    "negative_predictive_value": 0.6615209619759506,
    "n_samples": 61194,
    "n_positive": 30541,
    "n_negative": 30653,
    "positive_rate": 0.4990848898887634,
    "pred_positive_rate": 0.4971729254502075,
    "prob_mean": 0.49797168374061584,
    "prob_std": 0.20330341160297394,
    "prob_min": 0.02824067324399948,
    "prob_max": 0.9626471996307373,
    "threshold_used": 0.5
  },
  "calibration": {
    "expected_calibration_error": 0.008033433560842422,
    "maximum_calibration_error": 0.018839001655578613,
    "n_bins": 10,
    "bins": [
      {
        "bin_lower": 0.0,
        "bin_upper": 0.1,
        "bin_center": 0.05,
        "count": 945,
        "accuracy": 0.08677248656749725,
        "confidence": 0.07425719499588013,
        "error": 0.012515291571617126
      },
      {
        "bin_lower": 0.1,
        "bin_upper": 0.2,
        "bin_center": 0.15000000000000002,
        "count": 3983,
        "accuracy": 0.17072558403015137,
        "confidence": 0.15685240924358368,
        "error": 0.013873174786567688
      },
      {
        "bin_lower": 0.2,
        "bin_upper": 0.30000000000000004,
        "bin_center": 0.25,
        "count": 6530,
        "accuracy": 0.2638591229915619,
        "confidence": 0.25277742743492126,
        "error": 0.011081695556640625
      },
      {
        "bin_lower": 0.30000000000000004,
        "bin_upper": 0.4,
        "bin_center": 0.35000000000000003,
        "count": 8969,
        "accuracy": 0.3517672121524811,
        "confidence": 0.3522586524486542,
        "error": 0.0004914402961730957
      },
      {
        "bin_lower": 0.4,
        "bin_upper": 0.5,
        "bin_center": 0.45,
        "count": 10343,
        "accuracy": 0.4616648852825165,
        "confidence": 0.45024988055229187,
        "error": 0.01141500473022461
      },
      {
        "bin_lower": 0.5,
        "bin_upper": 0.6000000000000001,
        "bin_center": 0.55,
        "count": 10578,
        "accuracy": 0.5462279915809631,
        "confidence": 0.549470841884613,
        "error": 0.0032428503036499023
      },
      {
        "bin_lower": 0.6000000000000001,
        "bin_upper": 0.7000000000000001,
        "bin_center": 0.6500000000000001,
        "count": 8646,
        "accuracy": 0.6375202536582947,
        "confidence": 0.6478696465492249,
        "error": 0.010349392890930176
      },
      {
        "bin_lower": 0.7000000000000001,
        "bin_upper": 0.8,
        "bin_center": 0.75,
        "count": 6184,
        "accuracy": 0.7506468296051025,
        "confidence": 0.7470331788063049,
        "error": 0.0036136507987976074
      },
      {
        "bin_lower": 0.8,
        "bin_upper": 0.9,
        "bin_center": 0.8500000000000001,
        "count": 4429,
        "accuracy": 0.8254684805870056,
        "confidence": 0.8443074822425842,
        "error": 0.018839001655578613
      },
      {
        "bin_lower": 0.9,
        "bin_upper": 1.0,
        "bin_center": 0.95,
        "count": 587,
        "accuracy": 0.9165247082710266,
        "confidence": 0.9167104959487915,
        "error": 0.00018578767776489258
      }
    ]
  },
  "optimal_thresholds": {
    "youden_j": {
      "threshold": 0.48944616317749023,
      "sensitivity": 0.6780393569300285,
      "specificity": 0.6457442990898118,
      "j_score": 0.32378365601984027
    },
    "f1_optimal": {
      "threshold": 0.36189034581184387,
      "precision": 0.5921393057211636,
      "recall": 0.8617923447169379,
      "f1_score": 0.7019602613681823
    },
    "balanced_accuracy_optimal": {
      "threshold": 0.49,
      "balanced_accuracy": 0.6617919244955843
    }
  },
  "history": {
    "train_loss": [
      0.6250652853282351,
      0.6146105184446894,
      0.6138402436144996,
      0.6136632687730958,
      0.6135200131924347,
      0.6120071168523886,
      0.6118470032561586,
      0.6120732589067788,
      0.6120413385906472,
      0.6117302486935341,
      0.6111385225850506,
      0.6109867774131699,
      0.6110890135889373,
      0.6106719798504253,
      0.610616740399126,
      0.6106811909378874,
      0.610590191729167,
      0.6105132137092677,
      0.610461908849514,
      0.6103732554689594,
      0.6104227747906066,
      0.610399754822012,
      0.6102926614848095,
      0.6103140309805803,
      0.6102092826166151
    ],
    "val_loss": [
      0.606466535844456,
      0.6059468538694048,
      0.6088777729260024,
      0.6103597850227923,
      0.6076719418757842,
      0.6058445567671261,
      0.6046731914379755,
      0.6053138009963497,
      0.604771116632969,
      0.6057406569667224,
      0.605038085059644,
      0.6047747484662936,
      0.6046221525165643,
      0.6045539619529364,
      0.6051738387631268,
      0.6048136787129823,
      0.6047392256252827,
      0.6045503367196229,
      0.6042510535072828,
      0.6048564099660048,
      0.6045366428422589,
      0.6046247170844741,
      0.6045378212305862,
      0.604511865650972,
      0.6044032910791421
    ],
    "val_accuracy": [
      0.6744452070464425,
      0.6726149622512011,
      0.666590406466865,
      0.6698695950583391,
      0.672920003050408,
      0.6742164264470373,
      0.6767330130404942,
      0.67345382444902,
      0.6749790284450545,
      0.6733013040494166,
      0.67566537024327,
      0.67345382444902,
      0.6744452070464425,
      0.6742164264470373,
      0.6732250438496149,
      0.6750552886448562,
      0.6740639060474338,
      0.6742164264470373,
      0.6755891100434683,
      0.6755891100434683,
      0.6749027682452527,
      0.6754365896438649,
      0.6744452070464425,
      0.6753603294440631,
      0.6753603294440631
    ],
    "val_roc_auc": [
      0.7321066855285681,
      0.7326375836009769,
      0.7324135884410774,
      0.7323123730562272,
      0.732679700460152,
      0.7332345357035583,
      0.7329861032276891,
      0.7331296215721691,
      0.7332187171649011,
      0.7322990552424311,
      0.7331416250515033,
      0.7334900283654313,
      0.7334022820009968,
      0.733359246270826,
      0.7333482547127148,
      0.7334335352461234,
      0.7333863006244414,
      0.7333020552748126,
      0.7335303656390075,
      0.733351709202407,
      0.7334434334640626,
      0.733496704719247,
      0.7334673124786683,
      0.7333903366780548,
      0.7334532386317745
    ]
  },
  "epochs_ran": 25
}