{
  "run_name": "medium_residual_hd768_L8_do0.1_l21e-05_bs512_amp1",
  "preset": "medium",
  "arch": "residual",
  "hidden_dim": 768,
  "num_layers": 8,
  "dropout": 0.1,
  "l2": 1e-05,
  "batch_size": 512,
  "norm": "layernorm",
  "activation": "gelu",
  "params": 9499393,
  "device": "cuda",
  "amp": true,
  "grad_accum": 1,
  "estimated_model_plus_optimizer_memory_mb": 90.59327125549316,
  "peak_vram_allocated_mb": 202.7509765625,
  "training_time_seconds": 489.4654504959908,
  "val_loss": 0.6041790999010209,
  "test_metrics": {
    "accuracy": 0.6616825178939112,
    "precision": 0.6598946820959564,
    "recall": 0.6647130087423464,
    "f1_score": 0.6622950819672131,
    "roc_auc": 0.7246999306291881,
    "pr_auc": 0.7151166685662973,
    "log_loss": 0.6110295829935414,
    "brier_score": 0.2117011696100235,
    "mcc": 0.3233803838189436,
    "cohen_kappa": 0.3233717950128062,
    "true_positives": 20301,
    "true_negatives": 20190,
    "false_positives": 10463,
    "false_negatives": 10240,
    "specificity": 0.65866309985972,
    "sensitivity": 0.6647130087423464,
    "balanced_accuracy": 0.6616880543010333,
    "positive_predictive_value": 0.6598946820959564,
    "negative_predictive_value": 0.6634899769963851,
    "n_samples": 61194,
    "n_positive": 30541,
    "n_negative": 30653,
    "positive_rate": 0.4990848898887634,
    "pred_positive_rate": 0.5027290257214759,
    "prob_mean": 0.5033141374588013,
    "prob_std": 0.20024512708187103,
    "prob_min": 0.016522062942385674,
    "prob_max": 0.9453871250152588,
    "threshold_used": 0.5
  },
  "calibration": {
    "expected_calibration_error": 0.0068688270371910975,
    "maximum_calibration_error": 0.023735344409942627,
    "n_bins": 10,
    "bins": [
      {
        "bin_lower": 0.0,
        "bin_upper": 0.1,
        "bin_center": 0.05,
        "count": 664,
        "accuracy": 0.07379517704248428,
        "confidence": 0.0733097568154335,
        "error": 0.00048542022705078125
      },
      {
        "bin_lower": 0.1,
        "bin_upper": 0.2,
        "bin_center": 0.15000000000000002,
        "count": 3339,
        "accuracy": 0.16202455759048462,
        "confidence": 0.16010697185993195,
        "error": 0.0019175857305526733
      },
      {
        "bin_lower": 0.2,
        "bin_upper": 0.30000000000000004,
        "bin_center": 0.25,
        "count": 6738,
        "accuracy": 0.2515583336353302,
        "confidence": 0.25351759791374207,
        "error": 0.0019592642784118652
      },
      {
        "bin_lower": 0.30000000000000004,
        "bin_upper": 0.4,
        "bin_center": 0.35000000000000003,
        "count": 9507,
        "accuracy": 0.34774377942085266,
        "confidence": 0.3522144854068756,
        "error": 0.004470705986022949
      },
      {
        "bin_lower": 0.4,
        "bin_upper": 0.5,
        "bin_center": 0.45,
        "count": 10182,
        "accuracy": 0.45659005641937256,
        "confidence": 0.449506014585495,
        "error": 0.0070840418338775635
      },
      {
        "bin_lower": 0.5,
        "bin_upper": 0.6000000000000001,
        "bin_center": 0.55,
        "count": 10628,
        "accuracy": 0.5446932911872864,
        "confidence": 0.5495710968971252,
        "error": 0.004877805709838867
      },
      {
        "bin_lower": 0.6000000000000001,
        "bin_upper": 0.7000000000000001,
        "bin_center": 0.6500000000000001,
        "count": 8603,
        "accuracy": 0.6351273059844971,
        "confidence": 0.6470888257026672,
        "error": 0.011961519718170166
      },
      {
        "bin_lower": 0.7000000000000001,
        "bin_upper": 0.8,
        "bin_center": 0.75,
        "count": 6336,
        "accuracy": 0.7435290217399597,
        "confidence": 0.7468851804733276,
        "error": 0.00335615873336792
      },
      {
        "bin_lower": 0.8,
        "bin_upper": 0.9,
        "bin_center": 0.8500000000000001,
        "count": 4544,
        "accuracy": 0.8228433132171631,
        "confidence": 0.8465786576271057,
        "error": 0.023735344409942627
      },
      {
        "bin_lower": 0.9,
        "bin_upper": 1.0,
        "bin_center": 0.95,
        "count": 653,
        "accuracy": 0.915773332118988,
        "confidence": 0.9128524661064148,
        "error": 0.002920866012573242
      }
    ]
  },
  "optimal_thresholds": {
    "youden_j": {
      "threshold": 0.48491013050079346,
      "sensitivity": 0.6893029042925903,
      "specificity": 0.6352396176556944,
      "j_score": 0.3245425219482847
    },
    "f1_optimal": {
      "threshold": 0.34584635496139526,
      "precision": 0.5818130909560835,
      "recall": 0.8844831537932615,
      "f1_score": 0.7019098350006495
    },
    "balanced_accuracy_optimal": {
      "threshold": 0.49,
      "balanced_accuracy": 0.6617001562273825
    }
  },
  "history": {
    "train_loss": [
      0.6242505465534602,
      0.6147844114105568,
      0.6131795776686264,
      0.6133765310306901,
      0.6136662898048043,
      0.616176527929403,
      0.6127178061887999,
      0.6123300094661477,
      0.6122753230092425,
      0.6122568661102993,
      0.6120167796616831,
      0.6113488942066007,
      0.6113378834861396,
      0.6113361181042205
    ],
    "val_loss": [
      0.6073471553891291,
      0.6068274633504247,
      0.60815027223193,
      0.60713428338896,
      0.6058713754754512,
      0.607339477662699,
      0.605553989946583,
      0.6041790999010209,
      0.6058318528232299,
      0.6048823568956044,
      0.6054534132880803,
      0.6054415352228331,
      0.6049790712885804,
      0.604405249555133
    ],
    "val_accuracy": [
      0.672920003050408,
      0.6736826050484253,
      0.6669717074658735,
      0.6721574010523907,
      0.6750552886448562,
      0.6675055288644857,
      0.6696408144589339,
      0.6755891100434683,
      0.6711660184549684,
      0.6748265080454511,
      0.6753603294440631,
      0.6735300846488218,
      0.6742164264470373,
      0.6748265080454511
    ],
    "val_roc_auc": [
      0.7311451858976052,
      0.7317034058430332,
      0.7290593720002934,
      0.7310520077261464,
      0.7330511569679174,
      0.7332370596909765,
      0.7333269462106412,
      0.7334938666873114,
      0.7333397173543512,
      0.733277734271627,
      0.7333746228209033,
      0.7328567401490514,
      0.7334240906480427,
      0.7332728142408533
    ]
  },
  "epochs_ran": 14
}