{
  "run_name": "small_plain_hd768_L8_do0.0_l20.0_bs512_amp1",
  "preset": "small",
  "arch": "plain",
  "hidden_dim": 768,
  "num_layers": 8,
  "dropout": 0.0,
  "l2": 0.0,
  "batch_size": 512,
  "norm": "layernorm",
  "activation": "gelu",
  "params": 1335297,
  "device": "cuda",
  "amp": true,
  "grad_accum": 1,
  "estimated_model_plus_optimizer_memory_mb": 12.734384536743164,
  "peak_vram_allocated_mb": 45.20654296875,
  "training_time_seconds": 246.13481017199229,
  "val_loss": 0.6042762584811007,
  "test_metrics": {
    "accuracy": 0.6610942249240122,
    "precision": 0.6608784138655462,
    "recall": 0.6592122065420255,
    "f1_score": 0.6600442586673223,
    "roc_auc": 0.7247508405423148,
    "pr_auc": 0.7152776657279316,
    "log_loss": 0.6110300526306307,
    "brier_score": 0.21171784400939941,
    "mcc": 0.32218407754261025,
    "cohen_kappa": 0.32218305729535934,
    "true_positives": 20133,
    "true_negatives": 20322,
    "false_positives": 10331,
    "false_negatives": 10408,
    "specificity": 0.6629693667830229,
    "sensitivity": 0.6592122065420255,
    "balanced_accuracy": 0.6610907866625242,
    "positive_predictive_value": 0.6608784138655462,
    "negative_predictive_value": 0.6613081679140904,
    "n_samples": 61194,
    "n_positive": 30541,
    "n_negative": 30653,
    "positive_rate": 0.4990848898887634,
    "pred_positive_rate": 0.49782658430565085,
    "prob_mean": 0.4998462200164795,
    "prob_std": 0.18768422305583954,
    "prob_min": 0.009495395235717297,
    "prob_max": 0.9712209105491638,
    "threshold_used": 0.5
  },
  "calibration": {
    "expected_calibration_error": 0.009069130409541937,
    "maximum_calibration_error": 0.025550484657287598,
    "n_bins": 10,
    "bins": [
      {
        "bin_lower": 0.0,
        "bin_upper": 0.1,
        "bin_center": 0.05,
        "count": 591,
        "accuracy": 0.06937394291162491,
        "confidence": 0.07713902741670609,
        "error": 0.007765084505081177
      },
      {
        "bin_lower": 0.1,
        "bin_upper": 0.2,
        "bin_center": 0.15000000000000002,
        "count": 3254,
        "accuracy": 0.1558082401752472,
        "confidence": 0.1577436923980713,
        "error": 0.0019354522228240967
      },
      {
        "bin_lower": 0.2,
        "bin_upper": 0.30000000000000004,
        "bin_center": 0.25,
        "count": 5814,
        "accuracy": 0.2428620606660843,
        "confidence": 0.2532029151916504,
        "error": 0.010340854525566101
      },
      {
        "bin_lower": 0.30000000000000004,
        "bin_upper": 0.4,
        "bin_center": 0.35000000000000003,
        "count": 8993,
        "accuracy": 0.3290337026119232,
        "confidence": 0.3545841872692108,
        "error": 0.025550484657287598
      },
      {
        "bin_lower": 0.4,
        "bin_upper": 0.5,
        "bin_center": 0.45,
        "count": 12078,
        "accuracy": 0.4544626474380493,
        "confidence": 0.45003488659858704,
        "error": 0.00442776083946228
      },
      {
        "bin_lower": 0.5,
        "bin_upper": 0.6000000000000001,
        "bin_center": 0.55,
        "count": 11756,
        "accuracy": 0.5502722263336182,
        "confidence": 0.5491350889205933,
        "error": 0.0011371374130249023
      },
      {
        "bin_lower": 0.6000000000000001,
        "bin_upper": 0.7000000000000001,
        "bin_center": 0.6500000000000001,
        "count": 8601,
        "accuracy": 0.6560865044593811,
        "confidence": 0.6467271447181702,
        "error": 0.009359359741210938
      },
      {
        "bin_lower": 0.7000000000000001,
        "bin_upper": 0.8,
        "bin_center": 0.75,
        "count": 6475,
        "accuracy": 0.7618532776832581,
        "confidence": 0.7492592930793762,
        "error": 0.012593984603881836
      },
      {
        "bin_lower": 0.8,
        "bin_upper": 0.9,
        "bin_center": 0.8500000000000001,
        "count": 3399,
        "accuracy": 0.8440718054771423,
        "confidence": 0.8382906913757324,
        "error": 0.005781114101409912
      },
      {
        "bin_lower": 0.9,
        "bin_upper": 1.0,
        "bin_center": 0.95,
        "count": 233,
        "accuracy": 0.9399141669273376,
        "confidence": 0.9156677722930908,
        "error": 0.024246394634246826
      }
    ]
  },
  "optimal_thresholds": {
    "youden_j": {
      "threshold": 0.4879120886325836,
      "sensitivity": 0.6842277594053895,
      "specificity": 0.6406224513098229,
      "j_score": 0.32485021071521236
    },
    "f1_optimal": {
      "threshold": 0.37918442487716675,
      "precision": 0.5900289984385456,
      "recall": 0.8660816607183786,
      "f1_score": 0.7018879940560693
    },
    "balanced_accuracy_optimal": {
      "threshold": 0.49,
      "balanced_accuracy": 0.662058473442448
    }
  },
  "history": {
    "train_loss": [
      0.6158188742598683,
      0.6128254994481173,
      0.6126032049214876,
      0.6121412485502944,
      0.6121150436778802,
      0.6117973384940084,
      0.6113976788525569,
      0.6113738068053806,
      0.6112003386213601,
      0.6112357918912042,
      0.6112398081228821,
      0.6112169151654471,
      0.61114689623976,
      0.6108479052176552,
      0.6107626717458715,
      0.6108437162765126
    ],
    "val_loss": [
      0.606300802213744,
      0.6054499990687549,
      0.6050196976244591,
      0.6058547568023046,
      0.6055034412078069,
      0.6061142681483718,
      0.604492134995367,
      0.604757312864513,
      0.6048930391315863,
      0.6042762584811007,
      0.604464651445025,
      0.6044523308199493,
      0.6045306680777576,
      0.6045974871981911,
      0.6043418168221605,
      0.6051305232000398
    ],
    "val_accuracy": [
      0.6733013040494166,
      0.6755891100434683,
      0.6726149622512011,
      0.6726912224510028,
      0.6740639060474338,
      0.6726149622512011,
      0.6758178906428735,
      0.67566537024327,
      0.6742926866468391,
      0.6755891100434683,
      0.6760466712422787,
      0.6758178906428735,
      0.6755128498436666,
      0.6742926866468391,
      0.6742926866468391,
      0.6761991916418821
    ],
    "val_roc_auc": [
      0.7322606720236304,
      0.7331805549403901,
      0.7332843524690505,
      0.7326474818189161,
      0.7325286450472528,
      0.732707976098002,
      0.7333160825965928,
      0.7335936863187507,
      0.7331531283858652,
      0.7334243581674464,
      0.7333728781291395,
      0.7333001244825943,
      0.7334044221562268,
      0.7332967048867375,
      0.7333917556940226,
      0.7334831193860472
    ]
  },
  "epochs_ran": 16
}