{
  "run_name": "medium_residual_hd768_L8_do0.2_l20.0001_bs512_amp1",
  "preset": "medium",
  "arch": "residual",
  "hidden_dim": 768,
  "num_layers": 8,
  "dropout": 0.2,
  "l2": 0.0001,
  "batch_size": 512,
  "norm": "layernorm",
  "activation": "gelu",
  "params": 9499393,
  "device": "cuda",
  "amp": true,
  "grad_accum": 1,
  "estimated_model_plus_optimizer_memory_mb": 90.59327125549316,
  "peak_vram_allocated_mb": 202.7509765625,
  "training_time_seconds": 891.3935246579931,
  "val_loss": 0.6043050562336326,
  "test_metrics": {
    "accuracy": 0.6618622740791581,
    "precision": 0.6584306534118328,
    "recall": 0.6701155823319472,
    "f1_score": 0.664221731792808,
    "roc_auc": 0.7248580087374488,
    "pr_auc": 0.7153438395774341,
    "log_loss": 0.6108529959956372,
    "brier_score": 0.21163631975650787,
    "mcc": 0.32379501094905727,
    "cohen_kappa": 0.32374420789067115,
    "true_positives": 20466,
    "true_negatives": 20036,
    "false_positives": 10617,
    "false_negatives": 10075,
    "specificity": 0.6536391217825335,
    "sensitivity": 0.6701155823319472,
    "balanced_accuracy": 0.6618773520572403,
    "positive_predictive_value": 0.6584306534118328,
    "negative_predictive_value": 0.6654046693899239,
    "n_samples": 61194,
    "n_positive": 30541,
    "n_negative": 30653,
    "positive_rate": 0.4990848898887634,
    "pred_positive_rate": 0.5079419550936366,
    "prob_mean": 0.5051512718200684,
    "prob_std": 0.19964273273944855,
    "prob_min": 0.0338938944041729,
    "prob_max": 0.9740846157073975,
    "threshold_used": 0.5
  },
  "calibration": {
    "expected_calibration_error": 0.0076910849698013295,
    "maximum_calibration_error": 0.025251805782318115,
    "n_bins": 10,
    "bins": [
      {
        "bin_lower": 0.0,
        "bin_upper": 0.1,
        "bin_center": 0.05,
        "count": 681,
        "accuracy": 0.06461086869239807,
        "confidence": 0.07454084604978561,
        "error": 0.009929977357387543
      },
      {
        "bin_lower": 0.1,
        "bin_upper": 0.2,
        "bin_center": 0.15000000000000002,
        "count": 3464,
        "accuracy": 0.16021940112113953,
        "confidence": 0.15804095566272736,
        "error": 0.0021784454584121704
      },
      {
        "bin_lower": 0.2,
        "bin_upper": 0.30000000000000004,
        "bin_center": 0.25,
        "count": 6340,
        "accuracy": 0.2520504593849182,
        "confidence": 0.2532771825790405,
        "error": 0.0012267231941223145
      },
      {
        "bin_lower": 0.30000000000000004,
        "bin_upper": 0.4,
        "bin_center": 0.35000000000000003,
        "count": 9032,
        "accuracy": 0.3391275405883789,
        "confidence": 0.35278043150901794,
        "error": 0.013652890920639038
      },
      {
        "bin_lower": 0.4,
        "bin_upper": 0.5,
        "bin_center": 0.45,
        "count": 10594,
        "accuracy": 0.45450255274772644,
        "confidence": 0.4505227506160736,
        "error": 0.003979802131652832
      },
      {
        "bin_lower": 0.5,
        "bin_upper": 0.6000000000000001,
        "bin_center": 0.55,
        "count": 10907,
        "accuracy": 0.5438709259033203,
        "confidence": 0.549494206905365,
        "error": 0.005623281002044678
      },
      {
        "bin_lower": 0.6000000000000001,
        "bin_upper": 0.7000000000000001,
        "bin_center": 0.6500000000000001,
        "count": 8840,
        "accuracy": 0.6356334686279297,
        "confidence": 0.6474139094352722,
        "error": 0.01178044080734253
      },
      {
        "bin_lower": 0.7000000000000001,
        "bin_upper": 0.8,
        "bin_center": 0.75,
        "count": 6164,
        "accuracy": 0.7461064457893372,
        "confidence": 0.7467678785324097,
        "error": 0.0006614327430725098
      },
      {
        "bin_lower": 0.8,
        "bin_upper": 0.9,
        "bin_center": 0.8500000000000001,
        "count": 4366,
        "accuracy": 0.8192853927612305,
        "confidence": 0.8445371985435486,
        "error": 0.025251805782318115
      },
      {
        "bin_lower": 0.9,
        "bin_upper": 1.0,
        "bin_center": 0.95,
        "count": 806,
        "accuracy": 0.9168734550476074,
        "confidence": 0.9209538102149963,
        "error": 0.004080355167388916
      }
    ]
  },
  "optimal_thresholds": {
    "youden_j": {
      "threshold": 0.49373728036880493,
      "sensitivity": 0.6824596444124292,
      "specificity": 0.6420578736175904,
      "j_score": 0.32451751803001966
    },
    "f1_optimal": {
      "threshold": 0.3540560007095337,
      "precision": 0.582911310219452,
      "recall": 0.8818964670443011,
      "f1_score": 0.7018906276466832
    },
    "balanced_accuracy_optimal": {
      "threshold": 0.5,
      "balanced_accuracy": 0.6618773520572403
    }
  },
  "history": {
    "train_loss": [
      0.6228071790982884,
      0.6142103471189065,
      0.6130852252946006,
      0.612791444150507,
      0.6128780971790141,
      0.6123971651167264,
      0.6117688728678558,
      0.6115660793738524,
      0.6114781863210957,
      0.6116393958161298,
      0.6109728405002576,
      0.6109866917027306,
      0.6109158138042501,
      0.6109271794371071,
      0.6108279254706939,
      0.6107527264715121,
      0.6108321819072486,
      0.6104760142110495,
      0.6105546871638856,
      0.61045705316267,
      0.6104446436162497,
      0.6104495811527292,
      0.6103754949337776,
      0.6102520471773825,
      0.6101749300427023,
      0.6102041063821954
    ],
    "val_loss": [
      0.6068159780631047,
      0.6075204146596539,
      0.6061632224890366,
      0.6068460464313903,
      0.6067394060946016,
      0.609991864918808,
      0.6046475625134511,
      0.605521380983155,
      0.6059511433856435,
      0.6046577544122523,
      0.6045020762119324,
      0.6052465187705991,
      0.6046889799279206,
      0.6043960360352347,
      0.6047060543563721,
      0.6046066617725698,
      0.604718910018703,
      0.604759123272075,
      0.6045635533461916,
      0.6043050562336326,
      0.604660134561673,
      0.6051104536347792,
      0.604413460046087,
      0.6043905667761211,
      0.6044513247773639,
      0.6044191320600839
    ],
    "val_accuracy": [
      0.6729962632502097,
      0.6708609776557615,
      0.6704034164569511,
      0.6757416304430718,
      0.6747502478456494,
      0.6616334934797529,
      0.6757416304430718,
      0.6749027682452527,
      0.6715473194539769,
      0.67566537024327,
      0.6754365896438649,
      0.6730725234500115,
      0.6749027682452527,
      0.676504232441089,
      0.6755891100434683,
      0.6738351254480287,
      0.6752078090444597,
      0.6750552886448562,
      0.6747502478456494,
      0.675131548844658,
      0.6749790284450545,
      0.6745214672462442,
      0.6755128498436666,
      0.6761991916418821,
      0.675131548844658,
      0.6749027682452527
    ],
    "val_roc_auc": [
      0.7320741412115364,
      0.732745731227768,
      0.7322896222756288,
      0.7333635033187293,
      0.7332271731043157,
      0.7331553499600443,
      0.7334238929163095,
      0.733531691604748,
      0.7334787460253596,
      0.7333742971451074,
      0.7334697317845805,
      0.7330068301658417,
      0.73343754803718,
      0.7333544658153937,
      0.7335670157973231,
      0.7332632068048748,
      0.7334660446693199,
      0.7334418399789185,
      0.7333446024912896,
      0.7334822237776084,
      0.7332934713913354,
      0.7333219680234755,
      0.7333371119479842,
      0.7334841778323837,
      0.733469720153302,
      0.7333547682286327
    ]
  },
  "epochs_ran": 26
}