{
  "run_name": "large_residual_hd768_L8_do0.2_l20.0001_bs128_amp1",
  "preset": "large",
  "arch": "residual",
  "hidden_dim": 768,
  "num_layers": 8,
  "dropout": 0.2,
  "l2": 0.0001,
  "batch_size": 128,
  "norm": "layernorm",
  "activation": "gelu",
  "params": 21066753,
  "device": "cuda",
  "amp": true,
  "grad_accum": 4,
  "estimated_model_plus_optimizer_memory_mb": 200.90821266174316,
  "peak_vram_allocated_mb": 418.08642578125,
  "training_time_seconds": 3703.261189655008,
  "val_loss": 0.6042929425679927,
  "test_metrics": {
    "accuracy": 0.6616988593652973,
    "precision": 0.6596359152415875,
    "recall": 0.6655970662388265,
    "f1_score": 0.6626030835424883,
    "roc_auc": 0.7247676963963059,
    "pr_auc": 0.7148609089247089,
    "log_loss": 0.6109379747896855,
    "brier_score": 0.21166113018989563,
    "mcc": 0.32341978077914735,
    "cohen_kappa": 0.3234066226405081,
    "true_positives": 20328,
    "true_negatives": 20164,
    "false_positives": 10489,
    "false_negatives": 10213,
    "specificity": 0.6578148957687665,
    "sensitivity": 0.6655970662388265,
    "balanced_accuracy": 0.6617059810037965,
    "positive_predictive_value": 0.6596359152415875,
    "negative_predictive_value": 0.6637916844981401,
    "n_samples": 61194,
    "n_positive": 30541,
    "n_negative": 30653,
    "positive_rate": 0.4990848898887634,
    "pred_positive_rate": 0.5035951237049384,
    "prob_mean": 0.5017056465148926,
    "prob_std": 0.19970904290676117,
    "prob_min": 0.007301329169422388,
    "prob_max": 0.9695249199867249,
    "threshold_used": 0.5
  },
  "calibration": {
    "expected_calibration_error": 0.007456017809758355,
    "maximum_calibration_error": 0.015589654445648193,
    "n_bins": 10,
    "bins": [
      {
        "bin_lower": 0.0,
        "bin_upper": 0.1,
        "bin_center": 0.05,
        "count": 619,
        "accuracy": 0.06785137206315994,
        "confidence": 0.08003643155097961,
        "error": 0.012185059487819672
      },
      {
        "bin_lower": 0.1,
        "bin_upper": 0.2,
        "bin_center": 0.15000000000000002,
        "count": 3785,
        "accuracy": 0.16274768114089966,
        "confidence": 0.15745426714420319,
        "error": 0.005293413996696472
      },
      {
        "bin_lower": 0.2,
        "bin_upper": 0.30000000000000004,
        "bin_center": 0.25,
        "count": 6538,
        "accuracy": 0.2571122646331787,
        "confidence": 0.25258520245552063,
        "error": 0.004527062177658081
      },
      {
        "bin_lower": 0.30000000000000004,
        "bin_upper": 0.4,
        "bin_center": 0.35000000000000003,
        "count": 9133,
        "accuracy": 0.34446513652801514,
        "confidence": 0.3526672124862671,
        "error": 0.008202075958251953
      },
      {
        "bin_lower": 0.4,
        "bin_upper": 0.5,
        "bin_center": 0.45,
        "count": 10302,
        "accuracy": 0.4589399993419647,
        "confidence": 0.45007970929145813,
        "error": 0.008860290050506592
      },
      {
        "bin_lower": 0.5,
        "bin_upper": 0.6000000000000001,
        "bin_center": 0.55,
        "count": 10679,
        "accuracy": 0.5447139143943787,
        "confidence": 0.5495114922523499,
        "error": 0.004797577857971191
      },
      {
        "bin_lower": 0.6000000000000001,
        "bin_upper": 0.7000000000000001,
        "bin_center": 0.6500000000000001,
        "count": 8723,
        "accuracy": 0.6359050869941711,
        "confidence": 0.6481276154518127,
        "error": 0.012222528457641602
      },
      {
        "bin_lower": 0.7000000000000001,
        "bin_upper": 0.8,
        "bin_center": 0.75,
        "count": 6616,
        "accuracy": 0.7475816011428833,
        "confidence": 0.7467067837715149,
        "error": 0.0008748173713684082
      },
      {
        "bin_lower": 0.8,
        "bin_upper": 0.9,
        "bin_center": 0.8500000000000001,
        "count": 4363,
        "accuracy": 0.8294751048088074,
        "confidence": 0.8450647592544556,
        "error": 0.015589654445648193
      },
      {
        "bin_lower": 0.9,
        "bin_upper": 1.0,
        "bin_center": 0.95,
        "count": 436,
        "accuracy": 0.9151375889778137,
        "confidence": 0.9122859239578247,
        "error": 0.0028516650199890137
      }
    ]
  },
  "optimal_thresholds": {
    "youden_j": {
      "threshold": 0.4974677860736847,
      "sensitivity": 0.6698536393700272,
      "specificity": 0.6540306005937429,
      "j_score": 0.32388423996377
    },
    "f1_optimal": {
      "threshold": 0.3566969037055969,
      "precision": 0.5871854756973516,
      "recall": 0.8725974918961397,
      "f1_score": 0.7019900694087743
    },
    "balanced_accuracy_optimal": {
      "threshold": 0.48000000000000004,
      "balanced_accuracy": 0.6617344917515072
    }
  },
  "history": {
    "train_loss": [
      0.623885702748194,
      0.6145780433414959,
      0.6134549680942734,
      0.6136191470133057,
      0.6133226630518792,
      0.6130096575430731,
      0.6129696554730089,
      0.612795858386978,
      0.6126050238061299,
      0.612444692818645,
      0.6121430896666211,
      0.6113309873718382,
      0.6114467246353055,
      0.6112905633428406,
      0.6114651056851805,
      0.6113481320704223,
      0.6113081580889302,
      0.610926453876503,
      0.6107970090442424,
      0.6107540782422085,
      0.6107219262124489,
      0.6107111268714924,
      0.6104598260646193,
      0.6104803924657745,
      0.6104490491437586
    ],
    "val_loss": [
      0.6071068633659966,
      0.606763736239689,
      0.6076464004014055,
      0.6081532640641881,
      0.606671508126916,
      0.6084281888632118,
      0.6052551897805024,
      0.6050050593455214,
      0.6052510005098853,
      0.6058051129241271,
      0.6090509911237315,
      0.6056719317931128,
      0.6049200837402879,
      0.604850543297138,
      0.6051615424880917,
      0.6063848095128186,
      0.6056407825593898,
      0.6047114110425709,
      0.6042929425679927,
      0.6050993338526136,
      0.6046026372113181,
      0.6051029220131381,
      0.6049876518710603,
      0.6049302439344908,
      0.6045410952178599
    ],
    "val_accuracy": [
      0.6722336612521925,
      0.6717761000533822,
      0.6738351254480287,
      0.67124227865477,
      0.6745214672462442,
      0.6662091054678563,
      0.6725387020513994,
      0.6742164264470373,
      0.6753603294440631,
      0.6727674826508045,
      0.6655990238694426,
      0.6726149622512011,
      0.6746739876458476,
      0.6754365896438649,
      0.6752078090444597,
      0.6694882940593304,
      0.67124227865477,
      0.6742926866468391,
      0.6761991916418821,
      0.6758941508426752,
      0.6758178906428735,
      0.6743689468466407,
      0.6736826050484253,
      0.6752840692442614,
      0.6753603294440631
    ],
    "val_roc_auc": [
      0.7319111637382519,
      0.7320000615992506,
      0.7323816954756375,
      0.7317018705142813,
      0.7326850275856704,
      0.7324330708324385,
      0.7323904305657343,
      0.7329341928320804,
      0.7329631198215222,
      0.7318380611533538,
      0.7309075239855571,
      0.7324961123614994,
      0.733041805420064,
      0.7332834801231688,
      0.7333022646378243,
      0.7324418175538138,
      0.733210935839635,
      0.7331978041262937,
      0.7335696677288039,
      0.7332813050741034,
      0.7333209793648093,
      0.7332979959586425,
      0.7332228230061849,
      0.7332169143167453,
      0.7332819680569735
    ]
  },
  "epochs_ran": 25
}