{
  "run_name": "small_plain_hd768_L8_do0.15_l20.001_bs512_amp1",
  "preset": "small",
  "arch": "plain",
  "hidden_dim": 768,
  "num_layers": 8,
  "dropout": 0.15,
  "l2": 0.001,
  "batch_size": 512,
  "norm": "layernorm",
  "activation": "gelu",
  "params": 1335297,
  "device": "cuda",
  "amp": true,
  "grad_accum": 1,
  "estimated_model_plus_optimizer_memory_mb": 12.734384536743164,
  "peak_vram_allocated_mb": 45.20654296875,
  "training_time_seconds": 241.38862701099424,
  "val_loss": 0.6042918992798907,
  "test_metrics": {
    "accuracy": 0.6610778834526261,
    "precision": 0.6607406435529898,
    "recall": 0.6595723781146655,
    "f1_score": 0.660155993969981,
    "roc_auc": 0.7247554118114627,
    "pr_auc": 0.7152812348460685,
    "log_loss": 0.6110293857735063,
    "brier_score": 0.2117176204919815,
    "mcc": 0.32215180841619867,
    "cohen_kappa": 0.32215130669037106,
    "true_positives": 20144,
    "true_negatives": 20310,
    "false_positives": 10343,
    "false_negatives": 10397,
    "specificity": 0.6625778879718135,
    "sensitivity": 0.6595723781146655,
    "balanced_accuracy": 0.6610751330432395,
    "positive_predictive_value": 0.6607406435529898,
    "negative_predictive_value": 0.6614127072003126,
    "n_samples": 61194,
    "n_positive": 30541,
    "n_negative": 30653,
    "positive_rate": 0.4990848898887634,
    "pred_positive_rate": 0.4982024381475308,
    "prob_mean": 0.4999259412288666,
    "prob_std": 0.18766877055168152,
    "prob_min": 0.009455135092139244,
    "prob_max": 0.9711627960205078,
    "threshold_used": 0.5
  },
  "calibration": {
    "expected_calibration_error": 0.00905902296838957,
    "maximum_calibration_error": 0.025742679834365845,
    "n_bins": 10,
    "bins": [
      {
        "bin_lower": 0.0,
        "bin_upper": 0.1,
        "bin_center": 0.05,
        "count": 595,
        "accuracy": 0.07226891070604324,
        "confidence": 0.07729388773441315,
        "error": 0.0050249770283699036
      },
      {
        "bin_lower": 0.1,
        "bin_upper": 0.2,
        "bin_center": 0.15000000000000002,
        "count": 3251,
        "accuracy": 0.15595202147960663,
        "confidence": 0.1578301340341568,
        "error": 0.001878112554550171
      },
      {
        "bin_lower": 0.2,
        "bin_upper": 0.30000000000000004,
        "bin_center": 0.25,
        "count": 5801,
        "accuracy": 0.24254438281059265,
        "confidence": 0.2532641291618347,
        "error": 0.010719746351242065
      },
      {
        "bin_lower": 0.30000000000000004,
        "bin_upper": 0.4,
        "bin_center": 0.35000000000000003,
        "count": 8998,
        "accuracy": 0.3288508653640747,
        "confidence": 0.35459354519844055,
        "error": 0.025742679834365845
      },
      {
        "bin_lower": 0.4,
        "bin_upper": 0.5,
        "bin_center": 0.45,
        "count": 12062,
        "accuracy": 0.45440226793289185,
        "confidence": 0.45001184940338135,
        "error": 0.004390418529510498
      },
      {
        "bin_lower": 0.5,
        "bin_upper": 0.6000000000000001,
        "bin_center": 0.55,
        "count": 11778,
        "accuracy": 0.5502632260322571,
        "confidence": 0.549138069152832,
        "error": 0.0011251568794250488
      },
      {
        "bin_lower": 0.6000000000000001,
        "bin_upper": 0.7000000000000001,
        "bin_center": 0.6500000000000001,
        "count": 8609,
        "accuracy": 0.6557091474533081,
        "confidence": 0.6467589735984802,
        "error": 0.00895017385482788
      },
      {
        "bin_lower": 0.7000000000000001,
        "bin_upper": 0.8,
        "bin_center": 0.75,
        "count": 6461,
        "accuracy": 0.7619563341140747,
        "confidence": 0.7492419481277466,
        "error": 0.012714385986328125
      },
      {
        "bin_lower": 0.8,
        "bin_upper": 0.9,
        "bin_center": 0.8500000000000001,
        "count": 3406,
        "accuracy": 0.8443922400474548,
        "confidence": 0.8383938670158386,
        "error": 0.005998373031616211
      },
      {
        "bin_lower": 0.9,
        "bin_upper": 1.0,
        "bin_center": 0.95,
        "count": 233,
        "accuracy": 0.9399141669273376,
        "confidence": 0.9158588647842407,
        "error": 0.024055302143096924
      }
    ]
  },
  "optimal_thresholds": {
    "youden_j": {
      "threshold": 0.4872008264064789,
      "sensitivity": 0.6860286172685898,
      "specificity": 0.6388934198936482,
      "j_score": 0.324922037162238
    },
    "f1_optimal": {
      "threshold": 0.3792717158794403,
      "precision": 0.5900776300526457,
      "recall": 0.8661144035886186,
      "f1_score": 0.701933155541403
    },
    "balanced_accuracy_optimal": {
      "threshold": 0.49,
      "balanced_accuracy": 0.6620093591370879
    }
  },
  "history": {
    "train_loss": [
      0.6158192783538429,
      0.6128405317704738,
      0.6126116699545466,
      0.6121300943387009,
      0.6121207748974697,
      0.6117849811594603,
      0.6113962125757757,
      0.6113765234720058,
      0.6111884295883635,
      0.6112265347819811,
      0.6112428550109632,
      0.6112345581109985,
      0.6111523494333456,
      0.6108511753252845,
      0.6107698603934226,
      0.610852111597531
    ],
    "val_loss": [
      0.6061989375667315,
      0.6054983428902205,
      0.605024070318109,
      0.6058523458255598,
      0.6054343173289876,
      0.6061094826858522,
      0.6044919611450774,
      0.604785603793473,
      0.6048954833265683,
      0.6042918992798907,
      0.6044676295999876,
      0.6044486113319333,
      0.6045343245974869,
      0.6046074566557125,
      0.6043527468358281,
      0.6051298778762372
    ],
    "val_accuracy": [
      0.6733775642492184,
      0.6752840692442614,
      0.672920003050408,
      0.6722336612521925,
      0.6741401662472356,
      0.6726912224510028,
      0.6758178906428735,
      0.67566537024327,
      0.6743689468466407,
      0.67566537024327,
      0.6758941508426752,
      0.67566537024327,
      0.67566537024327,
      0.6740639060474338,
      0.6742164264470373,
      0.6761991916418821
    ],
    "val_roc_auc": [
      0.7323135361840698,
      0.7331716221185601,
      0.7332879116402485,
      0.7326507618394318,
      0.732580846224822,
      0.732685155529733,
      0.7333190602038693,
      0.7335884522434596,
      0.7331508137614587,
      0.7334183680590579,
      0.7333588857011948,
      0.7333095807119534,
      0.7334029449838668,
      0.7332884234164991,
      0.733390534409788,
      0.7334858062113633
    ]
  },
  "epochs_ran": 16
}